POSTALCODE,ADDRESS,NAME,LONGITUDE,LATITUDE
168891,3 SENG POH ROAD GREEN WORLD,New Cape Inn,103.834075884942,1.28556429182439
389403,443A Geylang Road,New Cathay Hotel (Geylang),103.881747206923,1.31323581232938
329777,347 Balestier Road,New Orchid Hotel,103.85103942858,1.32429128090849
208934,259A Jalan Besar,New Society Backpacker,103.858259328995,1.31023794252736
59526,48 Mosque Street,1900,103.844285506043,1.28423977707313
58695,65 SOUTH BRIDGE ROAD,7 Wonders Hostel @ Boat Quay,103.848260421218,1.28693411210368
199948,77 Aliwal Street,Aliwal Park Hotel,103.860268091316,1.30336025012185
188441,166A ROCHOR ROAD,Arena Esports Hotel,103.855262684768,1.30090252416644
229724,11 CAIRNHILL ROAD ASCOTT ORCHARD SINGAPORE,Ascott Orchard Singapore,103.837164418084,1.30397592901924
49247,2 Finlayson Green,Ascott Singapore Raffles Place,103.851544401021,1.28208454707961
218163,531 SERANGOON ROAD,Atlantis @ 531,103.857764750115,1.31507480508728
209069,48 HORNE ROAD LIAN SOON BUILDING,Beverly Hotels Elements,103.861928460827,1.30948818843705
139212,1 ROCHESTER PARK,Citadines Connect Rochester Singapore,103.787885675259,1.30466950852193
389218,115 GEYLANG ROAD,Coliwoo Hotel Gay World,103.873741281934,1.31119516204353
38982,2 Temasek Boulevard,Conrad Centennial Singapore,103.858774751329,1.29352504343592
249715,1 Cuscaden Road,Conrad Singapore Orchard,103.824897364807,1.30467322365634
188593,14 PURVIS STREET LION PEAK HOTEL PURVIS,D'Nova Hotel,103.855405321377,1.29652178913596
329133,1 Jalan Rajah,Days Hotel by Wyndham Singapore at Zhongshan Park,103.847365855383,1.32697770059675
88765,333 New Bridge Road,Dorsett Singapore,103.840007598921,1.27962668340609
198486,38 SULTAN GATE,Dream Chaser,103.860933616262,1.30168126361752
89540,83 Duxton Road,"Duxton Reserve Singapore, Autograph Collection",103.843187860266,1.27887034636785
98135,20 Sentosa Gateway,Equarius Villas,103.81654785488,1.25923773923788
189560,80 Bras Basah Road,"Fairmont, Singapore",103.853331832592,1.2940764375654
18953,18 MARINA GARDENS DRIVE GARDENS BY THE BAY,Garden Pod @ Gardens By The Bay,103.861149753623,1.28129719795262
169663,392 Havelock Road,Grand Copthorne Waterfront Hotel Singapore,103.835147957844,1.29028192700494
338800,280A Lavender Street,Green Kiwi Backpacker Hostel,103.860325985696,1.31438399139849
218673,427 RACE COURSE ROAD GREENDILI BACKPACKERS HOSTEL,GREENDILI BACKPACKERS HOSTEL,103.857555421119,1.31591092297008
49864,76 BOAT QUAY,Heritage Collection on Boat Quay Quayside Wing,103.849195879682,1.28820207478702
58776,"227 SOUTH BRIDGE ROAD, # 01-03",Heritage Collection on Chinatown,103.845722570878,1.28277324511435
188395,39 SEAH STREET,Heritage Collection on Seah,103.855088788757,1.29589846119217
199323,11 JALAN KLAPA XY HOTEL BUGIS BY ASANDA HOTELS AND RESORTS,Hi Hotel,103.859686405655,1.30420911922903
387416,56 SIMS AVENUE REGIN HOTEL,Hi Hotel Dot,103.875894248569,1.3132565842406
219924,3 Belilios Road,Hilton Garden Inn Singapore Serangoon,103.851928685296,1.30833559981707
169075,317 Outram Road,Holiday Inn Singapore Atrium,103.834068286993,1.28907019166027
208801,37A JALAN BESAR,Haising Hotel,103.854580698492,1.30462079031568
99448,512 Kampong Bahru Road,Harbour Ville Hotel,103.827744716094,1.27261402571663
209210,40 HAMILTON ROAD,Harbour Ville Hotel Hamilton,103.861509695837,1.31156411968173
98139,28 Sentosa Gateway,Hard Rock Hotel,103.818913907351,1.25746583281896
199775,78 ARAB STREET,Heritage Collection on Arab,103.85921946211,1.30143831709947
189621,30 BENCOOLEN STREET,30 BENCOOLEN,103.850402269195,1.29850072017742
208930,257 Jalan Besar,7 Wonders Hostel,103.858155060971,1.31019232289465
207472,12A UPPER DICKSON ROAD CLIFDEN HOSTEL,7 Wonders Hostel @ Upper Dickson,103.852350568271,1.30635176142908
199201,3 Jalan Kubor (1st Storey),ABC HOSTEL,103.859267550804,1.30366887875577
208127,6 Perak Road,Adamson Lodge,103.852965178949,1.30448415943975
389447,488 GEYLANG ROAD,AL Asia Hotel,103.8846809303,1.31324104846935
427373,51 JOO CHIAT ROAD AQUEEN HERITAGE HOTEL - JOO CHIAT,AM Hotel,103.8986087202,1.31496412930389
99394,1 Larkhill Road,"Amara Sanctuary Resort, Sentosa",103.822016591014,1.25212800048918
88539,165 Tanjong Pagar Road,Amara Singapore,103.843500117167,1.27493473787886
48464,76 Telok Ayer Street,Amoy Hotel,103.84864539809,1.28300038937659
387436,"112 Sims Avenue , # 01-01",Amrise Hotel,103.877872197764,1.31392297209217
189354,5 FRASER STREET,Andaz Singapore,103.857859544648,1.29916295638181
69708,28 ANN SIANG ROAD,Ann Siang House,103.845721510662,1.2807288857312
219962,22 BELILIOS LANE AQUEEN HERITAGE HOTEL - LITTLE INDIA,AQUEEN Heritage Hotel - Little India,103.851868266106,1.30736540957505
409180,33 JALAN AFIFI AQUEEN HOTEL - PAYA LEBAR,AQUEEN Hotel - Paya Lebar,103.891617685857,1.32208820086546
199745,48 ARAB STREET KAMPONG @ ARAB,ARABIC INN,103.859682775901,1.30078460581466
209201,32 Hamilton Road,Arcadia Hotel,103.861344016453,1.31144511621404
207662,83 Syed Alwi Road,Arianna Hotel,103.855916077404,1.30898195611065
389200,83B Geylang Road,Ark Hostel,103.872957810113,1.31083993031984
207576,176 Tyrwhitt Road,Arton Hotel,103.860855708775,1.31200022789964
207995,44 Rowell Road,Asia Star Hotel,103.854716023529,1.30848537281798
218702,380 Race Course Road (Level 2),Asphodel Inn,103.857271555227,1.31503287812628
188736,490 North Bridge Road (Level 2),Backpacker Cozy Corner Guesthouse,103.855776386801,1.29837018983764
58332,18 Upper Cross Street,Beary Best! Hostel,103.84538117333,1.28384606770696
199761,"64 ARAB STREET, # 00-00",Beary Best! Hostel Kampong Glam,103.859394682355,1.30120414903648
208953,290A Jalan Besar,BEAT. Sports Hostel,103.85890444877,1.31064624214852
178906,15 STAMFORD ROAD THE CAPITOL KEMPINSKI HOTEL SINGAPORE,The Capitol Kempinski Hotel Singapore,103.850710602099,1.29416210124999
48417,10 CROSS STREET,The Clan Hotel,103.848274543912,1.28266106573536
208413,16 MADRAS STREET THE DAULAT,The Daulat By Hotel Calmo,103.852855023694,1.30475126170812
49326,80 Collyer Quay,The Fullerton Bay Hotel,103.8534802041,1.28396667042346
49178,1 Fullerton Square,The Fullerton Hotel,103.852970351253,1.2861932360653
208422,28 MADRAS STREET THE GREAT MADRAS,The Great Madras By Hotel Calmo,103.853009974106,1.30493595075971
218223,624 SERANGOON ROAD THE HIVE,The Hive Singapore Hostel,103.858786331918,1.31571664407736
199137,5 JALAN PINANG TREE IN LODGE,The Hive@bugis,103.858395163567,1.30262934394456
58581,36 Temple Street,The Inn at Temple Street,103.843868478868,1.28320660795322
89165,69 Keong Saik Road,The Keong Saik Hotel,103.841640168586,1.28103904341286
209012,407 JALAN BESAR THE NOBLE HOTEL,The Noble Hotel,103.859775934817,1.31379680423507
99951,"10 ARTILLERY AVENUE, # 03-01",The Outpost Hotel Sentosa,103.819943383466,1.25225951518978
199552,"289 Beach Road , # 03-01",The Pod,103.860546413684,1.30105228944496
58688,57 SOUTH BRIDGE ROAD SANTA GRAND HOTEL BOAT QUAY,THE QUAY HOTEL,103.848312936218,1.2870550760207
338739,139 LAVENDER STREET AQUEEN HOTEL - LAVENDER,The Quay Hotel Lavender,103.861185772159,1.31234470122478
118769,428 PASIR PANJANG ROAD SANTA GRAND HOTEL WEST COAST,The Quay Hotel West Coast,103.768589721055,1.29233444235646
228517,22 Mount Elizabeth,The Quincy Hotel,103.835748313428,1.30775153247414
39799,7 Raffles Avenue,"The Ritz-Carlton, Millenia Singapore",103.860047265048,1.29071830259005
69333,33 Erskine Road,The Scarlet Hotel,103.845399436379,1.28082649176573
169875,52 Chin Swee Road,The Seacare Hotel,103.839843127647,1.28771626958407
428996,400 EAST COAST ROAD REDDOORZ NEAR MARINE PARADE CENTRAL,The Snooze Hotel @ Marine Parade,103.912040454705,1.30869695647047
58759,210 South Bridge Road,The Southbridge Hotel,103.845656808105,1.28341894026954
208559,111H King George's Avenue,Traveller@sg,103.861714993221,1.31033177948249
388703,11 Lorong 11 Geylang,Hotel 81 - Joy,103.876803320046,1.31278803988666
534636,"768 Upper Serangoon Road , # 02-01",Hotel 81 - Kovan,103.878866751339,1.35420717029808
427452,181 Joo Chiat Road,Hotel 81 - Sakura,103.900510985539,1.31229179932804
188318,161 Selegie Road,Hotel 81 - Selegie,103.849884117871,1.3032844053482
388619,22 Lorong 15 Geylang,Hotel 81 - Spring,103.878270058693,1.31368275668813
398828,31 Lorong 18 Geylang,Hotel 81 - Star,103.880860523551,1.31160600473177
424780,1 Onan Road,Hotel 81 - Tristar,103.897420527925,1.31568836964855
338722,97 Lavender Street,Hotel 81 - Violet,103.862164062966,1.31106785024407
189626,47 Bencoolen Street,Hotel Bencoolen,103.850108265483,1.29918672172522
199020,500 Jalan Sultan,Hotel Boss,103.860266746951,1.30571322703811
189699,95 BEACH ROAD,Hotel Calmo Bugis,103.856724241667,1.29750992774441
58476,25 TRENGGANU STREET HOTEL 1887,Hotel Calmo Chinatown,103.84417516824,1.28256767918621
229635,28 Cavenagh Road,Hotel Chancellor @ Orchard,103.841931936895,1.30145985771336
427353,12 JOO CHIAT ROAD,HOTEL CLASSIC,103.897717275598,1.31564277206077
59650,7 HONGKONG STREET,Hotel Clover 7 Hongkong Street,103.847711703541,1.28746404866926
198737,769 NORTH BRIDGE ROAD HOTEL CLOVER 769 NORTH BRIDGE ROAD,Hotel Clover 769 North Bridge Road,103.859584470771,1.30367081350441
58689,58 South Bridge Road,Hotel Clover The Arts,103.848141341165,1.28754163889102
59905,16 Carpenter Street,Hotel Conforto,103.847855885666,1.28834728764827
178881,11 Canning Walk,Hotel Fort Canning,103.845362056485,1.29581266426264
399541,22 Jalan Molek,Hotel Fuji,103.882676232074,1.31170570900502
188980,200 MIDDLE ROAD BIG HOTEL,Hotel G Singapore,103.851506467292,1.30091639007984
229617,22 Cavenagh Road,Hotel Grand Central,103.841767535762,1.3012946724269
188018,101 Victoria Street,Hotel Grand Pacific,103.852228308446,1.29755505808723
428788,"86 EAST COAST ROAD, # 01-01 KATONG SQUARE",Hotel Indigo Singapore Katong,103.904298453373,1.30511658100901
189623,"41 BENCOOLEN STREET, # 01-01",Hotel Mi,103.850020544639,1.29898582310214
98269,8 Sentosa Gateway,Hotel Michael,103.819934744284,1.25628981550441
169631,401 Havelock Road,Hotel Miramar Singapore,103.837414948933,1.28821989466535
59498,"18 MOSQUE STREET, # 01-04",Hotel Mono,103.844451263067,1.28379045079176
199143,11 Jalan Pinang,Hotel Nuve,103.858275297851,1.30275140814887
59680,41 HONGKONG STREET,Hotel NuVe Elements,103.847485428195,1.28723475456215
188592,13 PURVIS STREET ADONIS HOTEL,Hotel NuVe Heritage,103.855342376526,1.29651404832504
208906,230 JALAN BESAR AQUEEN - JALAN BESAR HOTEL,Hotel NuVe Stellar,103.858027585848,1.30929085528988
208582,3 KING GEORGE'S AVENUE,Hotel NuVe Urbane,103.858805131874,1.30732088892971
169879,175A Chin Swee Road,Hotel Re! @ Pearl's Hill,103.838407284725,1.28541002481652
307964,36 Newton Road,Hotel Royal,103.841859487874,1.31683060092808
209854,"26 CAVAN ROAD, # 01-01 HOTEL SNOW LAVENDER",Hotel Snow Lavender,103.861821449557,1.31087924623786
168727,77 Tiong Bahru Road,Nostalgia Hotel,103.833551413429,1.28509462357436
79333,100 Peck Seah Street,"Oasia Hotel Downtown, Singapore",103.844244859294,1.27585063042586
307470,8 Sinaran Drive,"Oasia Hotel Novena, Singapore",103.844782388216,1.32003004588439
98679,"23 BEACH VIEW LE MERIDIEN SINGAPORE, SENTOSA",Oasia Resort Sentosa,103.81955756883,1.25329365829851
98497,11 Cove Drive,ONE15 Marina Club,103.838344779654,1.2465985797506
238879,442 Orchard Road,Orchard Hotel Singapore,103.82816440606,1.30766860889292
247905,1 Tanglin Road,"Orchard Rendezvous Hotel, Singapore",103.827739432245,1.3065751631695
78867,1 Tras Link,Orchid Hotel,103.843847231635,1.27693674003785
188549,218 Queen Street,Oxford Hotel,103.851820111255,1.29801057337893
199592,7500B Beach Road,Pan Pacific Serviced Suites Beach Road,103.860232906684,1.29943396113579
486015,2 Changi Business Park Avenue 1,Park Avenue Changi,103.963024016311,1.33576405585821
138637,31 Rochester Drive,Park Avenue Rochester,103.788347378512,1.30535120421258
189692,81 Beach Road,Park View Hotel,103.856493948351,1.29720599549406
39594,6 RAFFLES BOULEVARD MARINA SQUARE,"PARKROYAL COLLECTION Marina Bay, Singapore",103.857007341008,1.29145525906521
58289,3 Upper Pickering Street,"PARKROYAL Collection Pickering, Singapore",103.846290282213,1.28563913664569
199591,7500A Beach Road The Plaza,"PARKROYAL on Beach Road, Singapore",103.860070225371,1.29945373680809
208533,181 Kitchener Road,PARKROYAL on Kitchener Road,103.855657430547,1.31053024250151
118741,404 Pasir Panjang Road,Pasir Panjang Inn,103.770167551417,1.29207833471118
179805,5 Coleman Street,Peninsula.Excelsior Hotel,103.849820409422,1.29194591965028
219894,33 Birch Road,Penta Hotel,103.853597393505,1.31119377982074
209598,75 DESKER ROAD MARRISON @ DESKER,PHILIP HOTEL,103.855693846613,1.30887261138248
469546,"357A BEDOK ROAD, # 1-",Q Loft Hotels@Bedok,103.94704995457,1.33160106900625
189673,1 Beach Road,Raffles Hotel Singapore,103.854068347721,1.29509740338279
397662,61 WESTERHOUT ROAD,RedDoorz @ Geylang,103.881036636411,1.31122558409044
329795,387 BALESTIER ROAD,RedDoorz Premium @ Balestier,103.849916718951,1.32522194228204
258352,30 ORANGE GROVE ROAD RELC BUILDING,RELC International Hotel,103.826031941452,1.31283861068763
189559,9 Bras Basah Road,Rendezvous Hotel Singapore,103.849316129852,1.29858300371701
126887,52 WEST COAST FERRY ROAD,Republic of Singapore Yacht Club,103.762546146246,1.2927111322646
199207,8 JALAN KUBOR SANTA GRAND HOTEL BUGIS,Rest Bugis Hotel,103.859429082823,1.30405334691991
59672,33C Hongkong Street,River City Inn,103.847112672325,1.28741331170278
237983,1 UNITY STREET PARK HOTEL CLARKE QUAY,Riverside Hotel Robertson Quay,103.842327428168,1.2915459523654
638404,10 Tuas West Drive,RM Hotel,103.635089828004,1.34158800024817
239032,15 Merbau Road,Robertson Quay Hotel,103.841986002487,1.29116819945415
207667,"88 Syed Alwi Road , # 01-02",Royal India Hotel,103.855672473307,1.30922887156542
58597,52 TEMPLE STREET,Rucksack Inn @ Temple St,103.843619109692,1.28335254995708
207566,153A TYRWHITT ROAD QINAN BUILDING,Rucksack Inn @ Tyrwhitt,103.860208871905,1.31190914918039
209391,63 Dunlop Street,Sandpiper Hotel,103.853595766242,1.30480931241135
428877,171 East Coast Road,Santa Grand Hotel East Coast,103.905795541013,1.30672319863699
398673,15 Lorong 22 Geylang,Seng Wah Hotel,103.882411818147,1.31231758276067
98970,101 Siloso Road Sentosa,"Shangri-La Rasa Sentosa, Singapore",103.809797894322,1.25780205516677
258350,22 Orange Grove Road,Shangri-La Singapore,103.826756760616,1.31124740290096
228230,39 Scotts Road,Sheraton Towers Singapore Hotel,103.836462155528,1.31195052968093
99538,51 Imbiah Walk,Siloso Beach Resort,103.814500414013,1.25498728174306
238865,320 Orchard Road,Singapore Marriott Tang Plaza Hotel,103.832874081575,1.3050223054635
209180,"9 HAMILTON ROAD, # 01-01",Singapore OSS Backpackers Hostel Pte Ltd,103.860729254991,1.31141627021243
209356,28 DUNLOP STREET KAWAN HOSTEL,Snooze Inn @ Dunlop Street,103.854022759534,1.30473915824794
209518,43 DICKSON ROAD PHIL INN,Snooze Inn Pte Ltd,103.853723617758,1.30536816987403
78885,9 WALLICH STREET,Sofitel Singapore City Centre,103.845070104293,1.2769051570011
99891,2 Bukit Manis Road,Sofitel Singapore Sentosa Resort & Spa,103.827492431992,1.24579708620123
187965,190 Waterloo Street,South East Asia Hotel,103.853135267954,1.30108678628959
208559,111J King George's Avenue,Spacepod@Lavender,103.861714993221,1.31033177948249
189694,85 BEACH ROAD 85 BEACH GARDEN HOTEL,ST Signature Bugis Beach,103.856569786349,1.29730337226863
58822,273A SOUTH BRIDGE ROAD,ST Signature Chinatown,103.845275724046,1.28184250020967
207372,15 UPPER WELD ROAD BUNC HOSTEL,ST Signature Jalan Besar,103.854840702869,1.30536577750822
427471,200 Joo Chiat Road,Betel Box Backpackers Hostel,103.900168104154,1.31220268168059
207564,151 Tyrwhitt Road,Blanc Inn,103.860152247876,1.3118099599849
58353,62 Upper Cross Street,Bliss Hotel Singapore,103.844304195694,1.28445774430707
188091,"2 TAN QUEE LAN STREET, # 02-01 ATLANTIS PODS @ BUGIS",Bluewaters Pod,103.856934787679,1.29800182513386
59677,"38 HONGKONG STREET, # 02-01 BEDS AND DREAMS INN @ CLARKE QUAY",Bluewaters Pods 38 Hong Kong St,103.847321966187,1.28732251503644
388575,20 Lorong 17 Geylang,Bright Star Hotel,103.878864850579,1.31351598467175
398793,10 LORONG 18 GEYLANG BUDGETONE HOTEL,BudgetOne Hotel,103.880423593148,1.31221720783339
88392,22 TECK LIM ROAD PARK 22 HOTEL CHINATOWN,BUTTERNUTTREE HOTEL,103.841824512271,1.28063133791161
486917,393F Upper Changi Road,Cameron Hotel,103.954974045383,1.33674234821614
209922,50 CAMPBELL LANE CHECKERS BACKPACKERS,Campbell Inn,103.852641538954,1.30499470478209
98297,1 The Knolls,"Capella Hotel, Singapore",103.824378229099,1.24948297406912
486037,3 Changi Business Park Central 1 Changi City,"Capri By Fraser Changi City, Singapore",103.963583777969,1.3342655648281
58743,181 SOUTH BRIDGE ROAD,"Capri By Fraser China Square, Singapore",103.847061684457,1.28401467620777
388194,76A LORONG 27 GEYLANG,CapsulePod@Aljunied,103.883955325222,1.31594220611958
78862,1 Gopeng Street,Carlton City Hotel Singapore,103.84369850009,1.27595845561159
189558,76 Bras Basah Road,Carlton Hotel,103.852518906013,1.29592644324195
427726,60 Joo Chiat Road,Champion Hotel,103.898383230238,1.31472881878152
59293,37 NORTH CANAL ROAD,CHAMPION HOTEL CITY,103.847101673167,1.28705545548872
509866,351 Cranwell Road,Changi Cove,103.975654971312,1.38857514608333
219184,60 KERBAU ROAD PARK 22 HOTEL LITTLE INDIA,Check-Inn @Little India,103.850729187175,1.30761951351103
199550,285 BEACH ROAD,Checkers Hostel @ Beach Road,103.86040749689,1.30097778667236
509404,159 Jalan Loyang Besar,Cherryloft Resorts,103.958317578175,1.37916855177722
49362,6 CIRCULAR ROAD,Circular House,103.848964671913,1.28795051990571
239923,182 CLEMENCEAU AVENUE,CITADINES CONNECT CITY CENTRE,103.844097160701,1.29775076085552
218227,"2 SERANGOON ROAD, # 03-01 TEKKA PLACE",Citadines Rochor Singapore,103.851438825178,1.30512221745202
59661,18 Hongkong Street,City Backpackers,103.847281913664,1.2878039882589
208913,"240 Jalan Besar , # 01-01",Classique Hotel,103.85816175664,1.30942994343081
58670,36 SOUTH BRIDGE ROAD LAI NGUANG BUILDING,Heritage Collection on Clarke Quay,103.848499242966,1.28808237913163
238867,333 Orchard Road,Hilton Singapore Orchard,103.836167404144,1.30209033159022
59573,2 Magazine Road,Holiday Inn Express Singapore Clarke Quay,103.841983925747,1.28924402665703
423371,"88 EAST COAST ROAD, # 07-05 KATONG SQUARE",Holiday Inn Express Singapore Katong,103.904574228644,1.30485336795088
229921,20 Bideford Road,Holiday Inn Express Singapore Orchard Road,103.836680368343,1.30322795583465
209019,270 JALAN BESAR,Holiday Inn Express Singapore Serangoon,103.858630348608,1.31014109037569
217564,10 FARRER PARK STATION ROAD FARRER SQUARE,Holiday Inn Singapore Little India,103.854748159228,1.31198097077815
229616,11 Cavenagh Road,Holiday Inn Singapore Orchard City Centre,103.841101584501,1.30227912538394
329706,"246 Balestier Road , # 02-01",Hoover Hotel,103.853069621772,1.32170313863895
208532,165 Kitchener Road,Hotel 165,103.856274002503,1.31047892595777
58479,"20 TRENGGANU STREET, # 01-03 JINSHAN HOTEL",Hotel 1888,103.843899635185,1.28285932265539
89154,50 KEONG SAIK ROAD HOTEL 1929,HOTEL 1929,103.841812331317,1.28079216116778
329688,226 Balestier Road,Hotel 81 - Balestier,103.853123339191,1.32138046634844
188995,31 Middle Road,Hotel 81 - Bugis,103.855618625297,1.29687853383032
419871,"428 Changi Road , # 01-01",Hotel 81 - Changi,103.911729077231,1.31869115633081
399014,3 Lorong 12 Geylang,Hotel 81 - Cherry,103.878417449833,1.31199127691196
59418,181 New Bridge Road,Hotel 81 - Chinatown,103.844098495279,1.28456367163908
89263,8 Jiak Chuan Road,Hotel 81 - Cosy,103.841859436164,1.27966689951546
209530,3 Dickson Road,Hotel 81 - Dickson,103.854269341864,1.30490446592441
209276,"30 Foch Road , # 01-01",Hotel 81 - Elegance,103.860271802335,1.3123796568512
329720,269 Balestier Road,Hotel 81 - Fuji,103.852599834279,1.32218488470822
398863,20 Lorong 16 Geylang,Hotel 81 - Geylang,103.879565363057,1.31178580684439
398738,20 Lorong 20 Geylang,Hotel 81 - Gold,103.881122176831,1.31195629079881
198985,71 Jalan Sultan Road,Hotel 81 - Heritage,103.861299879306,1.30271606708358
399121,61 Lorong 8 Geylang,Hotel 81 - Hollywood,103.877447760285,1.31005583680827
439878,40 AMBER ROAD,Coliwoo Amber Hotel Katong,103.901096194874,1.3008154172378
169056,259 OUTRAM ROAD,COLLER BOUTIQUE HOSTEL,103.834726678247,1.28500519507722
238840,100 Orchard Road,Concorde Hotel Singapore,103.842228053204,1.30061437146928
439885,42 AMBER ROAD,Coliwoo Amber Hotel,103.901244740584,1.30092010603163
169632,403 Havelock Road,Copthorne King Hotel Singapore,103.836642496764,1.28825959921985
329568,"99 IRRAWADDY ROAD, # 22-00 ROYAL SQUARE AT NOVENA",Courtyard By Marriott Singapore Novena,103.843165090044,1.32059476707049
389198,77A Geylang Road,Coziee Lodge,103.8728758866,1.31077389402222
98270,10 Sentosa Gateway,Crockfords Tower,103.819279861729,1.25593387293635
819664,75 Airport Boulevard,Crowne Plaza Changi Airport,103.987947172552,1.35868034734966
199471,55 BUSSORAH STREET,Cube @ Kampong Glam,103.859372517722,1.30162127482298
58971,76A SMITH STREET,CUBE @ smith street,103.843006363679,1.28316218264506
58967,68A Smith Street,Cube Family Boutique Capsule Hotel @ Chinatown,103.843161495087,1.28303982961697
169040,231 OUTRAM ROAD WANGZ HOTEL,D'Hotel,103.835010036802,1.2843221081918
68809,"6 SHENTON WAY, # 07-01 OUE DOWNTOWN",Dao by Dorsett AMTD Singapore,103.848408637443,1.27698070007554
399096,32 Lorong 8 Geylang,Darlene Hotel (Geylang),103.876969913442,1.3109012776859
228677,15 MACKENZIE ROAD CITY INN MACKENZIE,Dash Living on Mackenzie,103.849798670544,1.30437833815954
398806,25 Lorong 18 Geylang,Diamond Hotel,103.880838729546,1.3118599660474
488047,11 LAGUNA GOLF GREEN LAGUNA NATIONAL GOLF & COUNTRY CLUB,Dusit Thani Laguna Singapore,103.962657084899,1.32397331115705
98133,16 Sentosa Gateway,Equarius Hotel,103.816896687818,1.25767113430044
399167,5 LORONG 6 GEYLANG,five/6 Hotel Splendour,103.876690711173,1.31090999883113
389659,757 Geylang Road,Four Chain View Hotel,103.890924420622,1.31502461447216
169629,382 Havelock Road,"Four Points by Sheraton Singapore, Riverview",103.836603813301,1.28937098412522
248646,190 Orchard Boulevard,Four Seasons Hotel,103.828652722779,1.30521021365117
329710,255 Balestier Road,Fragrance Hotel - Balestier,103.852659081425,1.32197356951015
329808,418 Balestier Road,Fragrance Hotel - Classic,103.849620054775,1.32586521426719
534629,760 Upper Serangoon Road,Fragrance Hotel - Kovan,103.878733101613,1.35406396857104
338710,51 Lavender Street,Fragrance Hotel - Lavender,103.863070799569,1.30978959074307
329816,435 Balestier Road,Fragrance Hotel - Oasis,103.848604726388,1.32588741931206
118773,432 Pasir Panjang Road,Fragrance Hotel - Ocean View,103.768512802074,1.29241376307725
329715,263 Balestier Road,Fragrance Hotel - Rose,103.852564813209,1.32207178695444
98721,75 Wishart Road,Fragrance Hotel - Viva,103.813969784211,1.2698880661334
59804,60 Eu Tong Sen Street,Furama City Centre Singapore,103.844588552748,1.28647356154828
169633,405 Havelock Road,Furama Riverfront Singapore,103.836092838867,1.28763453813819
338716,85 Lavender Street,Hotel 81 - Lavender,103.862351670103,1.31075782011892
398741,23 Lorong 20 Geylang,Hotel 81 - Lucky,103.881497891026,1.31187964409268
399090,21 Lorong 8 Geylang,Hotel 81 - Orchid,103.877277745979,1.31119116358172
169753,1 Eng Hoon Street,Hotel 81 - Osaka,103.834966686156,1.28336484066759
398867,25 Lorong 16 Geylang,Hotel 81 - Palace,103.880119073255,1.31179140354756
399001,21 Lorong 12 Geylang,Hotel 81 - Princess,103.878632309021,1.31098893424992
208785,5 Jalan Besar,Hotel 81 - Rochor,103.853983386178,1.30375424119096
399035,1 LORONG 10 GEYLANG,hotel ascendere pte ltd,103.877736767198,1.31192211161234
59685,47 Hongkong Street,Hotel Bencoolen @ Hong Kong Street,103.847672305859,1.28709359119965
398693,36 LORONG 22 GEYLANG HOTEL COMPASS,Hotel Compass,103.881857093942,1.31098803420072
399199,44 LORONG 6 GEYLANG K HOTEL,Hotel Duke,103.876502270744,1.30999412779164
198715,747 NORTH BRIDGE ROAD,HOTEL JJH,103.859038439232,1.30320051788374
98271,12 Sentosa Gateway,Hotel Ora,103.819026715795,1.25602110299293
188553,12 Queen Street,Hotel Royal @ Queens,103.852133093109,1.29752625749619
68876,35 Robinson Road,Hotel Telegraph,103.849654800023,1.27992196206236
387446,123 SIMS AVENUE,ibis budget Singapore Gold,103.877800176625,1.3142964152991
188966,80 Middle Road,InterContinental Singapore,103.854867046362,1.29846962637
399007,33 LORONG 12 GEYLANG,Jin Dong Hotel,103.87880673682,1.31022734045131
189763,30 Beach Road,JW Marriott Hotel Singapore South Beach,103.855516058723,1.29465290571138
209645,51 DESKER ROAD GOLDEN ROYAL HOTEL,L Hotel @ 51 Desker,103.855250945612,1.30914206986635
218067,195 SERANGOON ROAD BROADWAY HOTEL,L Hotel @ Broadway,103.853224451953,1.30917900212984
398877,41 LORONG 16 GEYLANG LODGE 41,Lodge 41,103.880201803937,1.31152237256803
79908,81 Anson Road,M Hotel Singapore,103.84506021481,1.27368776927434
207398,41 UPPER WELD ROAD HOTEL VR,MACPHERSON HOTEL,103.85371134987,1.30614571109364
18956,1 Bayfront Avenue,Marina Bay Sands Singapore,103.858308388607,1.28233335098225
78857,2 COOK STREET,"Maxwell Reserve Singapore, Autograph Collection",103.844367354691,1.27915221128811
257878,"28 STEVENS ROAD, # 02-01",Mercure Singapore on Stevens,103.828399493406,1.31394109858619
207569,165 Tyrwhitt Road,Mercure Singapore Tyrwhitt,103.860633791231,1.3123170980015
159972,323 Alexandra Road Alexandra Central,Momentus Hotel Alexandra,103.805370079297,1.28757994526013
437761,759 MOUNTBATTEN ROAD SING HOE HOTEL,Mountbatten Hotel,103.891364609207,1.30077539902836
257878,"28 STEVENS ROAD, # 01-01",Novotel Singapore On Stevens,103.828399493406,1.31394109858619
217562,1 Farrer Park Station Road,One Farrer Hotel,103.853842196119,1.31275667459011
218842,2 OWEN ROAD FORTUNA HOTEL,OWEN HOUSE BY HMLET,103.854953210301,1.31170732725136
58281,20 MERCHANT ROAD SWISSOTEL MERCHANT COURT SINGAPORE,PARADOX SINGAPORE MERCHANT COURT AT CLARKE QUAY,103.845692303714,1.28821802379383
58268,23 Merchant Road,Park Regis Singapore,103.844443322367,1.28808355052563
208133,12 Perak Road,Perak Hotel,103.853212740709,1.30477735433313
238857,270 ORCHARD ROAD GRAND PARK ORCHARD,Pullman Singapore Orchard,103.836202012782,1.30310525131104
329983,16 Ah Hood Road,Ramada by Wyndham Singapore at Zhongshan Park,103.846374260603,1.32710813170856
228220,25 Scotts Road,Royal Plaza on Scotts,103.83144576982,1.30708931817226
247911,29 Tanglin Road,St. Regis Hotel Singapore,103.826053513866,1.30566140857401
208136,25A PERAK ROAD PERAK COURT,"THE ASSEMBLY PLACE, A CO-LIVING HOSTEL @ PERAK",103.854089459691,1.30552370402567
208786,9 JALAN BESAR,"The Assembly Place, A Co-Living Hotel @ Mayo",103.854120522794,1.30392257669472
39595,7 Raffles Boulevard,The Pan Pacific Hotel Singapore,103.857758269035,1.29111728356103
218224,301 SERANGOON ROAD,"The Serangoon House, Singapore, a Tribute Portfolio Hotel",103.854757235708,1.31137450195367
199002,101 Jalan Sultan,The Sultan,103.860975921584,1.30316598668086
207630,39 Syed Alwi Road,The Vagabond Club,103.858401651016,1.30689059540429
169628,320 HAVELOCK ROAD,The Warehouse Hotel,103.837472602698,1.28920188923002
18961,12 Marina View Asia Square Tower 2,The Westin Singapore,103.850795186495,1.27830729144643
98828,50 TELOK BLANGAH ROAD BAY HOTEL SINGAPORE,Travelodge Harbourfront Singapore,103.823792222833,1.26633679754561
188016,87 VICTORIA STREET VICTORIA HOTEL,Victoria Hotel,103.852442336439,1.29709983360939
98374,21 Ocean Way,W Singapore Sentosa Cove Hotel,103.842428148098,1.24616550353468
69044,3B MCCALLUM STREET,Wink @ McCallum Street,103.84757635916,1.27968475056385
59488,8A Mosque Street,Wink @ Mosque Street,103.844144231952,1.28394841482097
389504,549A Geylang Road,Yew Lian Hotel,103.885504024451,1.31400084024247
389525,586A Geylang Road,Hup Hoe Hotel,103.88758411747,1.31396454421401
399043,10 LORONG 10 GEYLANG,ibis budget Singapore Ametrine,103.877505973005,1.31145566986313
188942,33 Middle Road,ibis budget Singapore Bugis,103.855556164289,1.29692081795715
59663,20 Hongkong Street,ibis budget Singapore Clarke Quay,103.847146355817,1.28789594572544
398824,50 Lorong 18 Geylang,ibis budget Singapore Crystal,103.880589488415,1.31057497568161
399174,20 Lorong 6 Geylang,ibis budget Singapore Emerald,103.876341748039,1.31100987837705
208187,28 Penhas Road,ibis budget Singapore Imperial,103.862425383983,1.30963597847065
427485,219 Joo Chiat Road,ibis budget Singapore Joo Chiat,103.901246960843,1.31149498302754
98838,400 Telok Blangah Road,ibis budget Singapore Mount Faber,103.813874982995,1.26970676465938
398961,21 Lorong 14 Geylang,ibis budget Singapore Pearl,103.879289173768,1.31156055920328
398730,10 Lorong 20 Geylang,ibis budget Singapore Ruby,103.881097109062,1.31223789136281
399037,3 Lorong 10 Geylang,ibis budget Singapore Sapphire,103.877769447217,1.31175751579538
188329,183 Selegie Road,ibis budget Singapore Selegie,103.849948919677,1.30376527735541
118759,418 Pasir Panjang Road,ibis budget Singapore West Coast,103.768888272797,1.2922089251387
329543,6 Irrawaddy Road,Ibis Singapore Novena,103.845545056163,1.32614785361247
189657,170 Bencoolen Street,Ibis Singapore on Bencoolen,103.852422678333,1.30096316425159
189970,175 Albert Street,ibis Styles Singapore Albert,103.851186878951,1.3035924655279
368125,401 Macpherson Road,ibis Styles Singapore on Macpherson,103.879294508881,1.33177053490393
238909,1 NANSON ROAD,InterContinental Singapore Robertson Quay,103.838551707065,1.28984102269144
58764,215A South Bridge Road,iStay.inn,103.845924101605,1.28298235047301
207606,8 Townshend Road,J8 Hotel,103.858520506324,1.30769755698718
399535,18 Jalan Molek,Jade Hotel,103.882775886651,1.31171183228565
59921,42 Carpenter Street,Jayleen 1918 Hotel,103.847932686159,1.28778717516192
59390,25 New Bridge Road,Jayleen Clarke Quay Hotel,103.847502570641,1.28871525038832
238858,"277 Orchard Road , # 10-01",JEN Singapore Orchardgateway by Shangri-La,103.839224077005,1.30050954183517
249716,1A Cuscaden Road,JEN Singapore Tanglin by Shangri-La,103.823912360589,1.3042705309298
399041,8 LORONG 10 GEYLANG,JH HOTEL,103.877460163672,1.311585869313
238485,11 PENANG LANE INNOTEL,Ji Hotel Orchard Singapore,103.844455112735,1.297722839747
399042,9 LORONG 10 GEYLANG,JXIN HOTEL,103.877803629582,1.31159165655393
399045,12 LORONG 10 GEYLANG,K HOTEL 12,103.877512889799,1.31128855675534
399047,14 LORONG 10 GEYLANG,K HOTEL 14,103.87754128742,1.31123084152033
388607,15 LORONG 15 GEYLANG ZEN ROOMS 1515,K Hotel 1515,103.878027379987,1.31316413429455
399099,37 LORONG 8 GEYLANG,K Hotel 8,103.877397285256,1.31067428643295
199903,10 ALIWAL STREET JAMILLA BOUTIQUE INN,K HOTEL ALIWAL,103.861412005676,1.30202372402444
218184,569 SERANGOON ROAD 60'S HOSTEL,K Space Inn 569,103.858144106984,1.31559230859372
218903,91A OWEN ROAD,K SPACE INN OWEN,103.853166698166,1.31333978908028
118146,15 SOUTH BUONA VISTA ROAD,K2 Guesthouse,103.786403408371,1.28061805876119
208852,134 JALAN BESAR,K2 Guesthouse Central,103.856401207739,1.30668645165441
209001,383 Jalan Besar,Kam Leng Hotel,103.859699504459,1.31322431873699
89158,"55 KEONG SAIK ROAD, # 01-02",KeSa House,103.841542357757,1.28061922396397
399166,4 Lorong 6 Geylang,Kim Tian (Star) Hotel,103.876240340591,1.31143553463831
398678,21 Lorong 22 Geylang,Kim Tian Hotel,103.882458725423,1.31205758973578
399281,29 Lorong 4 Geylang,Kim Tian Hotel (Han),103.876202869193,1.31016069700456
58673,39 SOUTH BRIDGE ROAD,KINN,103.848550528151,1.28748835671493
399050,17 Lorong 10 Geylang,La Mode (Sophia),103.877802903174,1.3112646112522
389396,432 Geylang Road,Lai Ming Hotel,103.883130632629,1.31301909204336
389395,424 Geylang Road,Lai Ming Hotel Cosmoland,103.88287775601,1.31285242907657
399073,1 LORONG 8 GEYLANG,LEX HOTEL (LORONG 8),103.877164397644,1.31181053676029
168733,50 Tiong Bahru Road,Link Hotel,103.834290657294,1.28487238567456
398691,34 LORONG 22 GEYLANG REDDOORZ @ ALJUNIED,Lion Peak Hotel,103.881861957627,1.31116644440093
189704,103 BEACH ROAD MARRISON HOTEL,Lion Peak Hotel Bugis,103.857087531077,1.2978909223511
209507,23 DICKSON ROAD REDDOORZ PLUS @ LITTLE INDIA,Lion Peak Hotel Dickson,103.854044365212,1.30508395525326
209204,35 HAMILTON ROAD AQUEEN PRESTIGE HOTEL - LAVENDER,Lion Peak Hotel Hamilton,103.861297941112,1.31180974026488
188933,23 MIDDLE ROAD POPULOUS HOTEL,Lion Peak Hotel Raffles,103.855722993909,1.29678178848365
239091,2 Lloyd Road,Lloyd's Inn,103.840365853895,1.29726358007835
179370,67 HILL STREET,lyf Funan Singapore,103.84945862617,1.29157596080638
238259,90 Robertson Quay,M Social Singapore,103.837220928325,1.29086699266622
39797,5 Raffles Avenue Marina Square,"Mandarin Oriental, Singapore",103.858323986493,1.29066058376185
209178,7A Hamilton Road,Meadows Hostel,103.860677173023,1.31139113939717
188973,122 MIDDLE ROAD MIDLINK PLAZA,Mercure Singapore Bugis,103.853083051198,1.29963654287271
208804,43A Jalan Besar,Meriton Hotel,103.854659348388,1.30474091460126
398676,19 Lorong 22 Geylang,Min Wah Hotel,103.882461220741,1.31219823372189
209757,44 Cuff Road,MKS Backpackers' Hostel,103.853524372799,1.30679667251442
338795,263 Lavender Street,Moni Gallery Hostel,103.858988963033,1.31544170610706
188396,41 SEAH STREET NAUMI,Naumi,103.855181687112,1.29586808458378
228675,11 Mackenzie Road,G4 Station Backpackers Hostel,103.849908920215,1.3043490812321
287992,100 TURF CLUB ROAD,GALLOP HILL TOP RESORT,103.795854254263,1.33434829779462
718813,10 NEO TIEW LANE 2 D' KRANJI FARM RESORT,GALLOP KRANJI FARM RESORT,103.718425687867,1.41927815815058
338821,322 Lavender Street,Gap Year Hostel,103.859427844072,1.31564004044021
608516,2 Town Hall Link,Genting Hotel Jurong,103.739259626278,1.33156162898379
399095,31 Lorong 8 Geylang,Golden Star Hotel,103.877336359038,1.31076953969736
228221,22 Scotts Road,Goodwood Park Hotel,103.83410906863,1.30822214594427
228211,10 Scotts Road,Grand Hyatt Singapore,103.833257179655,1.30637299598092
428769,50 East Coast Road,Grand Mercure Roxy Hotel,103.904051128937,1.3043259893264
179809,10 Coleman Street,Grand Park City Hall,103.850123925268,1.29262894189275
209494,2 DICKSON ROAD,Wanderlust,103.854629633951,1.30512093794701
398993,12 LORONG 12 GEYLANG HOME SUITE VIEW HOTEL,Yaju Hotel,103.878121318914,1.31140043113114
228516,21 Mount Elizabeth,York Hotel,103.835187499512,1.30692538671184
238904,366 ORCHARD ROAD,YOTEL Singapore Orchard Road,103.831347094612,1.30634429879401
819666,"78 AIRPORT BOULEVARD, # 04-280",YotelAir Singapore Changi Airport,103.989077555194,1.36034099671656
160146,"146 JALAN BUKIT MERAH, # 01-1088",Zero Hostel,103.830811464545,1.27784875913754
88387,12 TECK LIM ROAD,Hotel Soloha,103.841991814742,1.28037791620728
228750,15 Kramat Road,Hotel Supreme,103.842424737463,1.30133935750645
199598,700 BEACH ROAD 700 BEACH,Hotel Traveltine,103.864169303074,1.30236655161918
207681,162 Tyrwhitt Road,Hotel Yan,103.855108812764,1.30981355102668
78972,32 TRAS STREET,ST Signature Tanjong Pagar,103.84425057595,1.27865807402423
189619,25 Bencoolen Street,Strand Hotel,103.84973824224,1.29865334972291
238910,3 Nanson Road,Studio M Hotel,103.839076191393,1.29077754111531
189642,173 Bencoolen Street,Summer View Hotel,103.852237513996,1.30165938361762
178882,2 Stamford Road,"Swissotel The Stamford, Singapore",103.853365178371,1.29326862339764
208538,163 Kitchener Road,Tai Hoe Hotel,103.856565024278,1.31026597160938
399120,60 Lorong 8 Geylang,Taipei Hotel (2000),103.877081648955,1.30992260867721
398913,1 Lorong 14 Geylang,The Amazing Inn,103.879175568282,1.31219356032738
99567,2 GUNNER LANE,THE BARRACKS HOTEL SENTOSA,103.820644196531,1.25291730866453
388189,67A Lorong 27 Geylang,Urban Hostel,103.883723595489,1.31612667222578
189627,48 Bencoolen Street,V Hotel Bencoolen,103.850763231012,1.29894391793291
208767,70 Jellicoe Road,V Hotel Lavender,103.862525582449,1.3078092747122
329684,218 Balestier Road,Value Hotel - Balestier,103.853270441013,1.32124006979661
329738,302 Balestier Road,Value Hotel - Nice,103.852504389911,1.32334493742066
329901,592 Balestier Road,Value Hotel - Thomson,103.842719933396,1.3269557412414
427556,305 Joo Chiat Road,Venue Hotel,103.902428918272,1.30957900907828
427495,238 Joo Chiat Road,Venue Hotel The Lily,103.900582467694,1.31154791813894
228518,24 Mount Elizabeth,Vibe Hotel Singapore Orchard,103.835712305282,1.30802411708656
119193,20 LABRADOR VILLA ROAD,Villa Samadhi Singapore,103.800885641861,1.268937683637
189971,180 Albert Street,Village Hotel Albert Court,103.85071667183,1.30390260082807
188061,390 Victoria Street,Village Hotel Bugis,103.857668954773,1.30192812751591
508502,1 Netheravon Road,Village Hotel Changi,103.986061074378,1.3904021092424
449536,25 Marine Parade Road,Village Hotel Katong,103.902912251967,1.30377936120631
99951,"10 ARTILLERY AVENUE, # 02-01",Village Hotel Sentosa,103.819943383466,1.25225951518978
59672,"33 HONGKONG STREET, # 3-33B",Vintage Inn@Clarke Quay,103.847112672325,1.28741331170278
259895,5 Balmoral Crescent,VIP Hotel,103.834573063566,1.3156477325095
238883,581 Orchard Road,voco Orchard Singapore,103.829314898634,1.30587902148374
